atom,residue,type,radius
CB,ALA,0,1.88
CB,ARG,1,1.88
CG,ARG,2,1.88
CD,ARG,3,1.88
NE,ARG,4,1.64
CZ,ARG,5,1.61
NH1,ARG,6,1.64
NH2,ARG,6,1.64
CB,ASN,7,1.88
CG,ASN,8,1.61
OD1,ASN,9,1.42
ND2,ASN,10,1.64
CB,ASP,11,1.88
CG,ASP,12,1.61
OD1,ASP,13,1.42
OD2,ASP,13,1.42
CB,CYS,14,1.88
SG,CYS,15,1.77
CB,GLN,16,1.88
CG,GLN,17,1.88
CD,GLN,18,1.61
OE1,GLN,19,1.42
NE2,GLN,20,1.64
CB,GLU,21,1.88
CG,GLU,22,1.88
CD,GLU,23,1.61
OE1,GLU,24,1.42
OE2,GLU,24,1.42
CB,HIS,25,1.88
CG,HIS,26,1.61
ND1,HIS,27,1.64
CD2,HIS,28,1.76
CE1,HIS,29,1.88
NE2,HIS,30,1.64
CB,ILE,31,1.88
CG1,ILE,32,1.88
CG2,ILE,33,1.88
CD1,ILE,34,1.88
CB,LEU,35,1.88
CG,LEU,36,1.88
CD1,LEU,37,1.88
CD2,LEU,37,1.88
CB,LYS,38,1.88
CG,LYS,39,1.88
CD,LYS,40,1.88
CE,LYS,41,1.88
NZ,LYS,42,1.64
CB,MET,43,1.88
CG,MET,44,1.88
SD,MET,45,1.77
CE,MET,46,1.88
CB,PHE,47,1.88
CG,PHE,48,1.61
CD1,PHE,49,1.76
CD2,PHE,49,1.76
CE1,PHE,50,1.88
CE2,PHE,50,1.88
CZ,PHE,51,1.76
CB,PRO,52,1.88
CG,PRO,53,1.88
CD,PRO,54,1.88
CB,SER,55,1.88
OG,SER,56,1.46
CB,THR,57,1.88
OG1,THR,58,1.46
CG2,THR,59,1.88
CB,TRP,60,1.88
CG,TRP,61,1.61
CD1,TRP,62,1.76
CD2,TRP,63,1.61
NE1,TRP,64,1.64
CE2,TRP,65,1.61
CE3,TRP,66,1.76
CZ2,TRP,67,1.76
CZ3,TRP,68,1.76
CH2,TRP,69,1.76
CB,TYR,70,1.88
CG,TYR,71,1.61
CD1,TYR,72,1.76
CD2,TYR,72,1.76
CE1,TYR,73,1.88
CE2,TYR,73,1.88
CZ,TYR,74,1.61
OH,TYR,75,1.46
CB,VAL,76,1.88
CG1,VAL,77,1.88
CG2,VAL,77,1.88
CA,GLY,78,1.88
N,XXX,79,1.64
CA,XXX,80,1.88
C,XXX,81,1.61
O,XXX,82,1.42
OXT,XXX,83,1.42
OCT,XXX,83,1.42
